feature,category,mean_abs_shap
Destination Port,ALL,0.035242750916229276
Flow Duration,ALL,0.004185255036805443
Total Fwd Packets,ALL,0.004689859040034409
Total Backward Packets,ALL,0.003877216689028283
Total Length of Fwd Packets,ALL,0.012588209379274889
Total Length of Bwd Packets,ALL,0.023522866632760302
Fwd Packet Length Max,ALL,0.018325501622849988
Fwd Packet Length Min,ALL,0.005019481024837157
Fwd Packet Length Mean,ALL,0.008833263636778495
Fwd Packet Length Std,ALL,0.0025388591953023586
Bwd Packet Length Max,ALL,0.018009721467563865
Bwd Packet Length Min,ALL,0.005350140290037625
Bwd Packet Length Mean,ALL,0.022821741973779494
Bwd Packet Length Std,ALL,0.03156985023334326
Flow Bytes/s,ALL,0.005493100929484856
Flow Packets/s,ALL,0.004744259373257345
Flow IAT Mean,ALL,0.003351376167116935
Flow IAT Std,ALL,0.0035604706391017954
Flow IAT Max,ALL,0.004987741482559956
Flow IAT Min,ALL,0.0014509129982082218
Fwd IAT Total,ALL,0.0029389462849000424
Fwd IAT Mean,ALL,0.00406391383648807
Fwd IAT Std,ALL,0.0050716041138531365
Fwd IAT Max,ALL,0.0046988614169441575
Fwd IAT Min,ALL,0.004221774944305039
Bwd IAT Total,ALL,0.002105656375372537
Bwd IAT Mean,ALL,0.0025321766286493493
Bwd IAT Std,ALL,0.0014185079371646847
Bwd IAT Max,ALL,0.001998704165065873
Bwd IAT Min,ALL,0.0015213654197960805
Fwd PSH Flags,ALL,0.0005331878668195857
Bwd PSH Flags,ALL,0.0
Fwd URG Flags,ALL,4.721458966185856e-06
Bwd URG Flags,ALL,0.0
Fwd Header Length,ALL,0.0060882485499287
Bwd Header Length,ALL,0.007753843883986094
Fwd Packets/s,ALL,0.002638498770079955
Bwd Packets/s,ALL,0.006205784778218681
Min Packet Length,ALL,0.005366040417744492
Max Packet Length,ALL,0.026027192952974086
Packet Length Mean,ALL,0.01563673173969903
Packet Length Std,ALL,0.021373565068887747
Packet Length Variance,ALL,0.028846105904172203
FIN Flag Count,ALL,0.0018220614222164845
SYN Flag Count,ALL,0.0003273341235474241
RST Flag Count,ALL,2.953132972855906e-09
PSH Flag Count,ALL,0.00972884499808828
ACK Flag Count,ALL,0.004174463607986183
URG Flag Count,ALL,0.0033501960254646596
CWE Flag Count,ALL,6.010327728073337e-06
ECE Flag Count,ALL,0.0
Down/Up Ratio,ALL,0.0007748859577485878
Average Packet Size,ALL,0.02548730763079811
Avg Fwd Segment Size,ALL,0.013011388425681489
Avg Bwd Segment Size,ALL,0.022165287089016494
Fwd Header Length.1,ALL,0.006974423305625046
Fwd Avg Bytes/Bulk,ALL,0.0
Fwd Avg Packets/Bulk,ALL,0.0
Fwd Avg Bulk Rate,ALL,0.0
Bwd Avg Bytes/Bulk,ALL,0.0
Bwd Avg Packets/Bulk,ALL,0.0
Bwd Avg Bulk Rate,ALL,0.0
Subflow Fwd Packets,ALL,0.0040491148444554955
Subflow Fwd Bytes,ALL,0.019720886608973632
Subflow Bwd Packets,ALL,0.003924468698604708
Subflow Bwd Bytes,ALL,0.015857044358893093
Init_Win_bytes_forward,ALL,0.010864003473575497
Init_Win_bytes_backward,ALL,0.012373911483198427
act_data_pkt_fwd,ALL,0.0023941638825234392
min_seg_size_forward,ALL,0.006876833572351375
Active Mean,ALL,0.0010117047060734612
Active Std,ALL,0.00029908624603700734
Active Max,ALL,0.0011745264619508436
Active Min,ALL,0.0006659131986108732
Idle Mean,ALL,0.0034612003042036586
Idle Std,ALL,0.0002018603766680178
Idle Max,ALL,0.0028688003592925878
Idle Min,ALL,0.004001305200877219
Destination Port,TP,0.04547819565884145
Flow Duration,TP,0.005328658130758963
Total Fwd Packets,TP,0.00758322423814702
Total Backward Packets,TP,0.005212147417994651
Total Length of Fwd Packets,TP,0.02068427587614674
Total Length of Bwd Packets,TP,0.033584659387885685
Fwd Packet Length Max,TP,0.026506735715323256
Fwd Packet Length Min,TP,0.0071687904824321875
Fwd Packet Length Mean,TP,0.014595547295500843
Fwd Packet Length Std,TP,0.003884849030210716
Bwd Packet Length Max,TP,0.03247386414933364
Bwd Packet Length Min,TP,0.008790655074948929
Bwd Packet Length Mean,TP,0.039256962665422994
Bwd Packet Length Std,TP,0.053991369596718276
Flow Bytes/s,TP,0.008921634839302571
Flow Packets/s,TP,0.006156396526135495
Flow IAT Mean,TP,0.004326997731143838
Flow IAT Std,TP,0.0048518110684689746
Flow IAT Max,TP,0.007345113649489788
Flow IAT Min,TP,0.00169939148125645
Fwd IAT Total,TP,0.0042329837931789835
Fwd IAT Mean,TP,0.006519085474994271
Fwd IAT Std,TP,0.008000927105170934
Fwd IAT Max,TP,0.008021613498585028
Fwd IAT Min,TP,0.006729208708199757
Bwd IAT Total,TP,0.0028029309138431846
Bwd IAT Mean,TP,0.003145370264745443
Bwd IAT Std,TP,0.0016421193818819011
Bwd IAT Max,TP,0.0026003610893297648
Bwd IAT Min,TP,0.0017168787579983017
Fwd PSH Flags,TP,0.0006363834357117799
Bwd PSH Flags,TP,0.0
Fwd URG Flags,TP,5.051076537090714e-06
Bwd URG Flags,TP,0.0
Fwd Header Length,TP,0.008102624303170096
Bwd Header Length,TP,0.010939462638890188
Fwd Packets/s,TP,0.003112111715896494
Bwd Packets/s,TP,0.008351139039520101
Min Packet Length,TP,0.007981522841999846
Max Packet Length,TP,0.041209084989228616
Packet Length Mean,TP,0.023611966972420732
Packet Length Std,TP,0.037227127212848245
Packet Length Variance,TP,0.052176371938144346
FIN Flag Count,TP,0.003069580252345051
SYN Flag Count,TP,0.00039399062036731474
RST Flag Count,TP,2.638691379358768e-09
PSH Flag Count,TP,0.012004192239990462
ACK Flag Count,TP,0.005558742460783539
URG Flag Count,TP,0.004970476884623709
CWE Flag Count,TP,5.454414151360463e-06
ECE Flag Count,TP,0.0
Down/Up Ratio,TP,0.0011142761891928408
Average Packet Size,TP,0.039892267516666934
Avg Fwd Segment Size,TP,0.02136878605275533
Avg Bwd Segment Size,TP,0.03687822914649597
Fwd Header Length.1,TP,0.01000956418662421
Fwd Avg Bytes/Bulk,TP,0.0
Fwd Avg Packets/Bulk,TP,0.0
Fwd Avg Bulk Rate,TP,0.0
Bwd Avg Bytes/Bulk,TP,0.0
Bwd Avg Packets/Bulk,TP,0.0
Bwd Avg Bulk Rate,TP,0.0
Subflow Fwd Packets,TP,0.006517573588355187
Subflow Fwd Bytes,TP,0.03163389424439027
Subflow Bwd Packets,TP,0.004922993666532135
Subflow Bwd Bytes,TP,0.021837700198984043
Init_Win_bytes_forward,TP,0.01306018516064545
Init_Win_bytes_backward,TP,0.015891595528360586
act_data_pkt_fwd,TP,0.003938049796072279
min_seg_size_forward,TP,0.010763051221460693
Active Mean,TP,0.0015802086982700898
Active Std,TP,0.00038873138427792005
Active Max,TP,0.0020315324451087684
Active Min,TP,0.001035269245086735
Idle Mean,TP,0.005638707095582048
Idle Std,TP,0.0002882172283942362
Idle Max,TP,0.00470325415486102
Idle Min,TP,0.006505033990799645
Destination Port,FP,0.01703041101297357
Flow Duration,FP,0.008778843424331124
Total Fwd Packets,FP,0.0070185762345643275
Total Backward Packets,FP,0.0016711070025573782
Total Length of Fwd Packets,FP,0.04211672825266765
Total Length of Bwd Packets,FP,0.02984802070780897
Fwd Packet Length Max,FP,0.0435234739697351
Fwd Packet Length Min,FP,0.0107599643810357
Fwd Packet Length Mean,FP,0.0291682153192541
Fwd Packet Length Std,FP,0.0005367360092127907
Bwd Packet Length Max,FP,0.02342776878076111
Bwd Packet Length Min,FP,0.015253323651693296
Bwd Packet Length Mean,FP,0.028168062541006986
Bwd Packet Length Std,FP,0.0036109814314752306
Flow Bytes/s,FP,0.014572271862545925
Flow Packets/s,FP,0.0029588228292868417
Flow IAT Mean,FP,0.00020816999532252196
Flow IAT Std,FP,0.0023211194327373477
Flow IAT Max,FP,0.007749877065331824
Flow IAT Min,FP,0.0002527986877229188
Fwd IAT Total,FP,0.003611669293328723
Fwd IAT Mean,FP,0.0071432948923288156
Fwd IAT Std,FP,0.0005122596985696887
Fwd IAT Max,FP,0.0019308290572105208
Fwd IAT Min,FP,0.011993687529377385
Bwd IAT Total,FP,0.004329229092905114
Bwd IAT Mean,FP,0.004700158653612763
Bwd IAT Std,FP,0.0009063379884015205
Bwd IAT Max,FP,0.0035269194411408356
Bwd IAT Min,FP,0.0020306462125517103
Fwd PSH Flags,FP,0.0003804169668029522
Bwd PSH Flags,FP,0.0
Fwd URG Flags,FP,7.10181002262244e-07
Bwd URG Flags,FP,0.0
Fwd Header Length,FP,0.0034167101715820982
Bwd Header Length,FP,0.019187560500050573
Fwd Packets/s,FP,0.0010893991102314527
Bwd Packets/s,FP,0.012542143430199906
Min Packet Length,FP,0.012503132921528711
Max Packet Length,FP,0.050404206850423836
Packet Length Mean,FP,0.042132894132208616
Packet Length Std,FP,0.0336271394639056
Packet Length Variance,FP,0.055928636200379384
FIN Flag Count,FP,0.00014817121422161576
SYN Flag Count,FP,0.00030428746604681186
RST Flag Count,FP,5.126802587619466e-10
PSH Flag Count,FP,0.03436992455379104
ACK Flag Count,FP,0.015740364465927276
URG Flag Count,FP,0.009042224798792292
CWE Flag Count,FP,1.655595956288848e-06
ECE Flag Count,FP,0.0
Down/Up Ratio,FP,0.0011721232601097872
Average Packet Size,FP,0.05433694621149583
Avg Fwd Segment Size,FP,0.03996169310441599
Avg Bwd Segment Size,FP,0.026464393588401948
Fwd Header Length.1,FP,0.0008552138853472784
Fwd Avg Bytes/Bulk,FP,0.0
Fwd Avg Packets/Bulk,FP,0.0
Fwd Avg Bulk Rate,FP,0.0
Bwd Avg Bytes/Bulk,FP,0.0
Bwd Avg Packets/Bulk,FP,0.0
Bwd Avg Bulk Rate,FP,0.0
Subflow Fwd Packets,FP,0.0040681407129330984
Subflow Fwd Bytes,FP,0.06706433355632516
Subflow Bwd Packets,FP,0.005194945302185788
Subflow Bwd Bytes,FP,0.0251109287162886
Init_Win_bytes_forward,FP,0.001992544634321604
Init_Win_bytes_backward,FP,0.00908242479748522
act_data_pkt_fwd,FP,0.0035738690146440207
min_seg_size_forward,FP,0.005261943482572648
Active Mean,FP,0.00023729968148763976
Active Std,FP,2.785237339800546e-05
Active Max,FP,3.127758727835024e-05
Active Min,FP,3.690925247129828e-05
Idle Mean,FP,0.00048245887665553523
Idle Std,FP,0.00010880643946722581
Idle Max,FP,0.0005127409000340916
Idle Min,FP,0.0005157529232477808
Destination Port,FN,0.019968136856243587
Flow Duration,FN,0.002384113900950915
Total Fwd Packets,FN,0.0016636091978313146
Total Backward Packets,FN,0.0023523090645843924
Total Length of Fwd Packets,FN,0.0009853480189024968
Total Length of Bwd Packets,FN,0.008616606113538648
Fwd Packet Length Max,FN,0.007645448190674758
Fwd Packet Length Min,FN,0.0036244586147103487
Fwd Packet Length Mean,FN,0.0028158151215716375
Fwd Packet Length Std,FN,0.0005291664758445359
Bwd Packet Length Max,FN,0.0034246139906237774
Bwd Packet Length Min,FN,0.0021805774252354596
Bwd Packet Length Mean,FN,0.0038519414071208707
Bwd Packet Length Std,FN,0.008827404861116165
Flow Bytes/s,FN,0.0032869738169598378
Flow Packets/s,FN,0.005876539546744167
Flow IAT Mean,FN,0.006664506386187067
Flow IAT Std,FN,0.0007254317154031932
Flow IAT Max,FN,0.0034773073559381472
Flow IAT Min,FN,0.003993589484812033
Fwd IAT Total,FN,0.0008558980482204048
Fwd IAT Mean,FN,0.0008360603422040035
Fwd IAT Std,FN,0.0019355303571747088
Fwd IAT Max,FN,0.001321472033883711
Fwd IAT Min,FN,0.0010478280453724204
Bwd IAT Total,FN,0.00188494152181747
Bwd IAT Mean,FN,0.0020383513064463053
Bwd IAT Std,FN,0.000760250139685576
Bwd IAT Max,FN,0.001779280939725633
Bwd IAT Min,FN,0.0009883302456674139
Fwd PSH Flags,FN,0.0003460462094574983
Bwd PSH Flags,FN,0.0
Fwd URG Flags,FN,4.993799212159729e-07
Bwd URG Flags,FN,0.0
Fwd Header Length,FN,0.005591573274744816
Bwd Header Length,FN,0.00526358529630091
Fwd Packets/s,FN,0.0050706432092313325
Bwd Packets/s,FN,0.004062940136412297
Min Packet Length,FN,0.0010461112448593001
Max Packet Length,FN,0.011957463718669006
Packet Length Mean,FN,0.004222722557123963
Packet Length Std,FN,0.00435376421796071
Packet Length Variance,FN,0.007800287093506885
FIN Flag Count,FN,0.00032702886955340767
SYN Flag Count,FN,0.00022022246417142055
RST Flag Count,FN,6.524300461518719e-10
PSH Flag Count,FN,0.01509805187254984
ACK Flag Count,FN,0.008070301418495586
URG Flag Count,FN,0.003552760493034801
CWE Flag Count,FN,4.265674643193539e-07
ECE Flag Count,FN,0.0
Down/Up Ratio,FN,0.0016760495268797223
Average Packet Size,FN,0.006357450246775775
Avg Fwd Segment Size,FN,0.0013018894519449965
Avg Bwd Segment Size,FN,0.0033539751443115587
Fwd Header Length.1,FN,0.005640295507260135
Fwd Avg Bytes/Bulk,FN,0.0
Fwd Avg Packets/Bulk,FN,0.0
Fwd Avg Bulk Rate,FN,0.0
Bwd Avg Bytes/Bulk,FN,0.0
Bwd Avg Packets/Bulk,FN,0.0
Bwd Avg Bulk Rate,FN,0.0
Subflow Fwd Packets,FN,0.0010681476232811812
Subflow Fwd Bytes,FN,0.0027748636758850587
Subflow Bwd Packets,FN,0.0031989493586362305
Subflow Bwd Bytes,FN,0.008995714615547903
Init_Win_bytes_forward,FN,0.03871144540190354
Init_Win_bytes_backward,FN,0.01973997095515083
act_data_pkt_fwd,FN,0.00024779779987510583
min_seg_size_forward,FN,0.004720307161632203
Active Mean,FN,8.934400679486833e-05
Active Std,FN,7.195722187844676e-05
Active Max,FN,0.00015233875210140466
Active Min,FN,0.00012044469189900824
Idle Mean,FN,0.000768460263739812
Idle Std,FN,8.167819245152942e-05
Idle Max,FN,0.0005807526435626918
Idle Min,FN,0.0012216320752286582
Destination Port,TN,0.025036819436631483
Flow Duration,TN,0.0030419280293842586
Total Fwd Packets,TN,0.0017998040708802848
Total Backward Packets,TN,0.002545583036432265
Total Length of Fwd Packets,TN,0.0044930299611145455
Total Length of Bwd Packets,TN,0.013477856848979857
Fwd Packet Length Max,TN,0.010146440301067101
Fwd Packet Length Min,TN,0.0028697708023204768
Fwd Packet Length Mean,TN,0.003069710457799338
Fwd Packet Length Std,TN,0.0011965549524199728
Bwd Packet Length Max,TN,0.0035646964998123807
Bwd Packet Length Min,TN,0.0019095637028015986
Bwd Packet Length Mean,TN,0.006411047796021849
Bwd Packet Length Std,TN,0.009196287487731911
Flow Bytes/s,TN,0.002063947518517472
Flow Packets/s,TN,0.0033325889604241465
Flow IAT Mean,TN,0.002374500259567095
Flow IAT Std,TN,0.0022732326456941674
Flow IAT Max,TN,0.0026316780224022226
Flow IAT Min,TN,0.0012006142249250356
Fwd IAT Total,TN,0.0016473036795591975
Fwd IAT Mean,TN,0.0016116594053712107
Fwd IAT Std,TN,0.00214916497191999
Fwd IAT Max,TN,0.0013825353299043535
Fwd IAT Min,TN,0.0017148831588879006
Bwd IAT Total,TN,0.0014078391313131263
Bwd IAT Mean,TN,0.001918699281825675
Bwd IAT Std,TN,0.0011959231542726077
Bwd IAT Max,TN,0.0013968032628624328
Bwd IAT Min,TN,0.0013262284212105216
Fwd PSH Flags,TN,0.00043030758046047607
Bwd PSH Flags,TN,0.0
Fwd URG Flags,TN,4.398237119955754e-06
Bwd URG Flags,TN,0.0
Fwd Header Length,TN,0.00407671384955473
Bwd Header Length,TN,0.004566590521435279
Fwd Packets/s,TN,0.0021634643253776596
Bwd Packets/s,TN,0.004060477883046822
Min Packet Length,TN,0.0027526181476993684
Max Packet Length,TN,0.01085477782347652
Packet Length Mean,TN,0.007663651129891454
Packet Length Std,TN,0.005538832134257289
Packet Length Variance,TN,0.005535019146517779
FIN Flag Count,TN,0.0005774998077674847
SYN Flag Count,TN,0.000260829665983698
RST Flag Count,TN,3.2709399575355784e-09
PSH Flag Count,TN,0.0074369374029781415
ACK Flag Count,TN,0.002781193610803567
URG Flag Count,TN,0.001727675608101837
CWE Flag Count,TN,6.573728217603919e-06
ECE Flag Count,TN,0.0
Down/Up Ratio,TN,0.00043456517392355485
Average Packet Size,TN,0.011094261219703448
Avg Fwd Segment Size,TN,0.004656405051181895
Avg Bwd Segment Size,TN,0.007476375276383244
Fwd Header Length.1,TN,0.003945196684704954
Fwd Avg Bytes/Bulk,TN,0.0
Fwd Avg Packets/Bulk,TN,0.0
Fwd Avg Bulk Rate,TN,0.0
Bwd Avg Bytes/Bulk,TN,0.0
Bwd Avg Packets/Bulk,TN,0.0
Bwd Avg Bulk Rate,TN,0.0
Subflow Fwd Packets,TN,0.0015848638881084676
Subflow Fwd Bytes,TN,0.007807109392043293
Subflow Bwd Packets,TN,0.002926533569118659
Subflow Bwd Bytes,TN,0.00988161584795142
Init_Win_bytes_forward,TN,0.008645497002448323
Init_Win_bytes_backward,TN,0.008852263982201927
act_data_pkt_fwd,TN,0.000852607590258601
min_seg_size_forward,TN,0.0029955254582897275
Active Mean,TN,0.00044479532639075925
Active Std,TN,0.00020984888021190155
Active Max,TN,0.0003195438055950888
Active Min,TN,0.00029760232322357703
Idle Mean,TN,0.0012889670137256532
Idle Std,TN,0.00011571351751676643
Idle Max,TN,0.001038732060815847
Idle Min,TN,0.0015033536132153353
